{
  "name": "ablate_robust_rank4",
  "config": {
    "method": "robust_fedprox",
    "backbone": "retfound_mae_vit_large",
    "seed": 0,
    "epochs": 20,
    "rounds": 40,
    "local_epochs": 1,
    "batch_size": 16,
    "lr": 0.001,
    "fedprox_mu": 0.05,
    "loss": "balanced_bce",
    "positive_dropout": 0.1,
    "train_label_noise": 0.0,
    "image_size": [
      224,
      224
    ],
    "device": "cuda",
    "lora_rank": 4,
    "lora_alpha": 8.0,
    "require_retfound": true,
    "num_workers": 8,
    "pin_memory": true,
    "persistent_workers": true,
    "use_data_parallel": true
  },
  "result": {
    "config": {
      "method": "robust_fedprox",
      "backbone": "retfound_mae_vit_large",
      "seed": 0,
      "epochs": 20,
      "rounds": 40,
      "local_epochs": 1,
      "batch_size": 16,
      "lr": 0.001,
      "fedprox_mu": 0.05,
      "loss": "balanced_bce",
      "positive_dropout": 0.1,
      "train_label_noise": 0.0,
      "image_size": [
        224,
        224
      ],
      "device": "cuda",
      "lora_rank": 4,
      "lora_alpha": 8.0,
      "require_retfound": true,
      "num_workers": 8,
      "pin_memory": true,
      "persistent_workers": true,
      "use_data_parallel": true
    },
    "model_info": {
      "requested_backbone": "retfound_mae_vit_large",
      "actual_backbone": "retfound_mae_vit_large",
      "is_retfound": true,
      "checkpoint_path": "/home/tiger/.cache/huggingface/hub/models--YukunZhou--RETFound_mae_natureCFP/snapshots/556830f78214f0e8da35af965292ac5a3180ac47/RETFound_mae_natureCFP.pth",
      "lora_rank": 4,
      "lora_alpha": 8.0,
      "trainable_params": 636974,
      "total_params": 303938606
    },
    "train_loss": [
      0.5868930503726005,
      0.48816168233752244,
      0.4910205222666264,
      0.48344595581293104,
      0.4677522430817286,
      0.46543023263414707,
      0.45078910862406096,
      0.44982583199938136,
      0.44093649461865425,
      0.43727660477161406,
      0.42320933888355894,
      0.4161405704915524,
      0.41712500266730784,
      0.4137300178408623,
      0.40293894261121754,
      0.39943046060701215,
      0.3907580712189277,
      0.3865596889207761,
      0.3800690359125535,
      0.3718909659733375,
      0.37398740351200105,
      0.3679185267537832,
      0.3722312567134698,
      0.35901545248925687,
      0.35399039375285307,
      0.3465083653728167,
      0.3497151640554269,
      0.34987345263361924,
      0.33956196941435335,
      0.33436068569620453,
      0.3336593066652616,
      0.33265495374798776,
      0.33319920984407264,
      0.324603603904446,
      0.3197045144935449,
      0.31967338832716147,
      0.3188193945835034,
      0.314517463495334,
      0.3095224257558584,
      0.3076708519210418
    ],
    "comm_bytes_upload_per_round": [
      10191584,
      10191584,
      10191584,
      10191584,
      10191584,
      10191584,
      10191584,
      10191584,
      10191584,
      10191584,
      10191584,
      10191584,
      10191584,
      10191584,
      10191584,
      10191584,
      10191584,
      10191584,
      10191584,
      10191584,
      10191584,
      10191584,
      10191584,
      10191584,
      10191584,
      10191584,
      10191584,
      10191584,
      10191584,
      10191584,
      10191584,
      10191584,
      10191584,
      10191584,
      10191584,
      10191584,
      10191584,
      10191584,
      10191584,
      10191584
    ],
    "total_upload_bytes": 407663360,
    "eval": {
      "threshold": 0.5,
      "micro_f1": 0.5548628428927681,
      "macro_f1_present": 0.16548095179109112,
      "best_threshold": 0.65,
      "best_micro_f1": 0.5950019833399445,
      "best_macro_f1_present": 0.18121509193250282,
      "macro_ap": 0.1982260737231489,
      "macro_auroc": 0.759396009628579
    }
  }
}
