{
  "name": "ablate_robust_dir_a0p1",
  "config": {
    "method": "robust_fedprox",
    "backbone": "retfound_mae_vit_large",
    "seed": 0,
    "epochs": 20,
    "rounds": 40,
    "local_epochs": 1,
    "batch_size": 16,
    "lr": 0.001,
    "fedprox_mu": 0.05,
    "loss": "balanced_bce",
    "positive_dropout": 0.1,
    "train_label_noise": 0.0,
    "image_size": [
      224,
      224
    ],
    "device": "cuda",
    "lora_rank": 8,
    "lora_alpha": 16.0,
    "require_retfound": true,
    "num_workers": 8,
    "pin_memory": true,
    "persistent_workers": true,
    "use_data_parallel": true
  },
  "result": {
    "config": {
      "method": "robust_fedprox",
      "backbone": "retfound_mae_vit_large",
      "seed": 0,
      "epochs": 20,
      "rounds": 40,
      "local_epochs": 1,
      "batch_size": 16,
      "lr": 0.001,
      "fedprox_mu": 0.05,
      "loss": "balanced_bce",
      "positive_dropout": 0.1,
      "train_label_noise": 0.0,
      "image_size": [
        224,
        224
      ],
      "device": "cuda",
      "lora_rank": 8,
      "lora_alpha": 16.0,
      "require_retfound": true,
      "num_workers": 8,
      "pin_memory": true,
      "persistent_workers": true,
      "use_data_parallel": true
    },
    "model_info": {
      "requested_backbone": "retfound_mae_vit_large",
      "actual_backbone": "retfound_mae_vit_large",
      "is_retfound": true,
      "checkpoint_path": "/home/tiger/.cache/huggingface/hub/models--YukunZhou--RETFound_mae_natureCFP/snapshots/556830f78214f0e8da35af965292ac5a3180ac47/RETFound_mae_natureCFP.pth",
      "lora_rank": 8,
      "lora_alpha": 16.0,
      "trainable_params": 1226798,
      "total_params": 304528430
    },
    "train_loss": [
      0.46760771730366874,
      0.23802800801600893,
      0.2306956338281391,
      0.21396370946380103,
      0.2053395513528619,
      0.19517472027135746,
      0.20120773183218404,
      0.19448600002467964,
      0.18798896527643047,
      0.18691375312142347,
      0.1768594895899087,
      0.16752993128672033,
      0.1748486434367775,
      0.17016608088540766,
      0.16334741392514618,
      0.15841573528183692,
      0.15096546648753706,
      0.15746829520483144,
      0.16136352983707722,
      0.15394667744198265,
      0.15104527558338324,
      0.1488215224191296,
      0.14663637303212443,
      0.1373920765384531,
      0.1327366898232857,
      0.12704220995129573,
      0.13156766709232448,
      0.12838294481498602,
      0.1301303888939801,
      0.12543708368019313,
      0.12000813181264226,
      0.12652410776550027,
      0.11584539461166125,
      0.1257740674196046,
      0.11190618380789413,
      0.1128739264535428,
      0.11288228935460333,
      0.10378778685035618,
      0.10088786780990723,
      0.09795081009436138
    ],
    "comm_bytes_upload_per_round": [
      19628768,
      19628768,
      19628768,
      19628768,
      19628768,
      19628768,
      19628768,
      19628768,
      19628768,
      19628768,
      19628768,
      19628768,
      19628768,
      19628768,
      19628768,
      19628768,
      19628768,
      19628768,
      19628768,
      19628768,
      19628768,
      19628768,
      19628768,
      19628768,
      19628768,
      19628768,
      19628768,
      19628768,
      19628768,
      19628768,
      19628768,
      19628768,
      19628768,
      19628768,
      19628768,
      19628768,
      19628768,
      19628768,
      19628768,
      19628768
    ],
    "total_upload_bytes": 785150720,
    "eval": {
      "threshold": 0.5,
      "micro_f1": 0.5446507515473032,
      "macro_f1_present": 0.17146093462140283,
      "best_threshold": 0.35,
      "best_micro_f1": 0.48723559445660103,
      "best_macro_f1_present": 0.1751462565674015,
      "macro_ap": 0.20419249957030622,
      "macro_auroc": 0.7697836861510426
    }
  }
}
