{
  "name": "ablate_fedavg_dir_a0p1",
  "config": {
    "method": "fedavg",
    "backbone": "retfound_mae_vit_large",
    "seed": 0,
    "epochs": 20,
    "rounds": 40,
    "local_epochs": 1,
    "batch_size": 16,
    "lr": 0.001,
    "fedprox_mu": 0.05,
    "loss": "balanced_bce",
    "positive_dropout": 0.0,
    "train_label_noise": 0.0,
    "image_size": [
      224,
      224
    ],
    "device": "cuda",
    "lora_rank": 8,
    "lora_alpha": 16.0,
    "require_retfound": true,
    "num_workers": 8,
    "pin_memory": true,
    "persistent_workers": true,
    "use_data_parallel": true
  },
  "result": {
    "config": {
      "method": "fedavg",
      "backbone": "retfound_mae_vit_large",
      "seed": 0,
      "epochs": 20,
      "rounds": 40,
      "local_epochs": 1,
      "batch_size": 16,
      "lr": 0.001,
      "fedprox_mu": 0.05,
      "loss": "balanced_bce",
      "positive_dropout": 0.0,
      "train_label_noise": 0.0,
      "image_size": [
        224,
        224
      ],
      "device": "cuda",
      "lora_rank": 8,
      "lora_alpha": 16.0,
      "require_retfound": true,
      "num_workers": 8,
      "pin_memory": true,
      "persistent_workers": true,
      "use_data_parallel": true
    },
    "model_info": {
      "requested_backbone": "retfound_mae_vit_large",
      "actual_backbone": "retfound_mae_vit_large",
      "is_retfound": true,
      "checkpoint_path": "/home/tiger/.cache/huggingface/hub/models--YukunZhou--RETFound_mae_natureCFP/snapshots/556830f78214f0e8da35af965292ac5a3180ac47/RETFound_mae_natureCFP.pth",
      "lora_rank": 8,
      "lora_alpha": 16.0,
      "trainable_params": 1226798,
      "total_params": 304528430
    },
    "train_loss": [
      0.41825662484439485,
      0.21079750110836132,
      0.1797389672633459,
      0.13957070802300595,
      0.11138959764486638,
      0.09604007610708803,
      0.09231944810579522,
      0.08067468606551564,
      0.07231646073533415,
      0.06469631930714549,
      0.05571135454555988,
      0.04941633958080901,
      0.04650959283666126,
      0.03998296893674522,
      0.03496718597214602,
      0.03153302292496844,
      0.033314527254369036,
      0.02941788160281679,
      0.028043087989004074,
      0.021371889080227722,
      0.02250627154556213,
      0.021483047841786215,
      0.016680264789794733,
      0.016631967931041425,
      0.015068798024338637,
      0.015527618043428962,
      0.01711966392956462,
      0.014579032705420228,
      0.01815779452229764,
      0.0167532293101581,
      0.012491184118940863,
      0.010378313101079433,
      0.011120675729921013,
      0.013352428306482042,
      0.0133054307949142,
      0.015476159763263523,
      0.01250047860745168,
      0.012266144172048606,
      0.00861845568705326,
      0.010848469185521407
    ],
    "comm_bytes_upload_per_round": [
      19628768,
      19628768,
      19628768,
      19628768,
      19628768,
      19628768,
      19628768,
      19628768,
      19628768,
      19628768,
      19628768,
      19628768,
      19628768,
      19628768,
      19628768,
      19628768,
      19628768,
      19628768,
      19628768,
      19628768,
      19628768,
      19628768,
      19628768,
      19628768,
      19628768,
      19628768,
      19628768,
      19628768,
      19628768,
      19628768,
      19628768,
      19628768,
      19628768,
      19628768,
      19628768,
      19628768,
      19628768,
      19628768,
      19628768,
      19628768
    ],
    "total_upload_bytes": 785150720,
    "eval": {
      "threshold": 0.5,
      "micro_f1": 0.6798652064026959,
      "macro_f1_present": 0.22367602518495594,
      "best_threshold": 0.25,
      "best_micro_f1": 0.6773688332028192,
      "best_macro_f1_present": 0.2353921155059072,
      "macro_ap": 0.2608529645385422,
      "macro_auroc": 0.8082457140636631
    }
  }
}
