{
  "name": "ablate_fedprox_dir_a0p5",
  "config": {
    "method": "fedprox",
    "backbone": "retfound_mae_vit_large",
    "seed": 0,
    "epochs": 20,
    "rounds": 40,
    "local_epochs": 1,
    "batch_size": 16,
    "lr": 0.001,
    "fedprox_mu": 0.05,
    "loss": "balanced_bce",
    "positive_dropout": 0.0,
    "train_label_noise": 0.0,
    "image_size": [
      224,
      224
    ],
    "device": "cuda",
    "lora_rank": 8,
    "lora_alpha": 16.0,
    "require_retfound": true,
    "num_workers": 8,
    "pin_memory": true,
    "persistent_workers": true,
    "use_data_parallel": true
  },
  "result": {
    "config": {
      "method": "fedprox",
      "backbone": "retfound_mae_vit_large",
      "seed": 0,
      "epochs": 20,
      "rounds": 40,
      "local_epochs": 1,
      "batch_size": 16,
      "lr": 0.001,
      "fedprox_mu": 0.05,
      "loss": "balanced_bce",
      "positive_dropout": 0.0,
      "train_label_noise": 0.0,
      "image_size": [
        224,
        224
      ],
      "device": "cuda",
      "lora_rank": 8,
      "lora_alpha": 16.0,
      "require_retfound": true,
      "num_workers": 8,
      "pin_memory": true,
      "persistent_workers": true,
      "use_data_parallel": true
    },
    "model_info": {
      "requested_backbone": "retfound_mae_vit_large",
      "actual_backbone": "retfound_mae_vit_large",
      "is_retfound": true,
      "checkpoint_path": "/home/tiger/.cache/huggingface/hub/models--YukunZhou--RETFound_mae_natureCFP/snapshots/556830f78214f0e8da35af965292ac5a3180ac47/RETFound_mae_natureCFP.pth",
      "lora_rank": 8,
      "lora_alpha": 16.0,
      "trainable_params": 1226798,
      "total_params": 304528430
    },
    "train_loss": [
      0.5016752331916775,
      0.32297855344068793,
      0.2845205169889544,
      0.2856136464008263,
      0.27626402497291563,
      0.2746616547155593,
      0.2582687032595277,
      0.25658379425693834,
      0.2524747597559222,
      0.24249741468977715,
      0.23544027730024286,
      0.22933648501256748,
      0.2264358253777027,
      0.2228656242654792,
      0.215522887116032,
      0.21037357354270558,
      0.22781820260387448,
      0.20809559459132806,
      0.21938794101455383,
      0.2077923611418477,
      0.22668380840149308,
      0.18960535321517713,
      0.19336747366535878,
      0.18235154073153223,
      0.1827629441940891,
      0.180430480938937,
      0.18651942767868082,
      0.17620779123689448,
      0.1732772296427616,
      0.17712689886933994,
      0.1733269118863557,
      0.17373119776403267,
      0.15820867060816715,
      0.1672279879690281,
      0.1636883840297482,
      0.16590306430123747,
      0.1560264417702066,
      0.16165346328302155,
      0.16682988874082053,
      0.16069874617936358
    ],
    "comm_bytes_upload_per_round": [
      19628768,
      19628768,
      19628768,
      19628768,
      19628768,
      19628768,
      19628768,
      19628768,
      19628768,
      19628768,
      19628768,
      19628768,
      19628768,
      19628768,
      19628768,
      19628768,
      19628768,
      19628768,
      19628768,
      19628768,
      19628768,
      19628768,
      19628768,
      19628768,
      19628768,
      19628768,
      19628768,
      19628768,
      19628768,
      19628768,
      19628768,
      19628768,
      19628768,
      19628768,
      19628768,
      19628768,
      19628768,
      19628768,
      19628768,
      19628768
    ],
    "total_upload_bytes": 785150720,
    "eval": {
      "threshold": 0.5,
      "micro_f1": 0.553668890236507,
      "macro_f1_present": 0.17884324665069395,
      "best_threshold": 0.55,
      "best_micro_f1": 0.566677326511033,
      "best_macro_f1_present": 0.179134853212522,
      "macro_ap": 0.20944176158422917,
      "macro_auroc": 0.77786057806587
    }
  }
}
