{
  "name": "ablate_fedavg_dir_a0p5",
  "config": {
    "method": "fedavg",
    "backbone": "retfound_mae_vit_large",
    "seed": 0,
    "epochs": 20,
    "rounds": 40,
    "local_epochs": 1,
    "batch_size": 16,
    "lr": 0.001,
    "fedprox_mu": 0.05,
    "loss": "balanced_bce",
    "positive_dropout": 0.0,
    "train_label_noise": 0.0,
    "image_size": [
      224,
      224
    ],
    "device": "cuda",
    "lora_rank": 8,
    "lora_alpha": 16.0,
    "require_retfound": true,
    "num_workers": 8,
    "pin_memory": true,
    "persistent_workers": true,
    "use_data_parallel": true
  },
  "result": {
    "config": {
      "method": "fedavg",
      "backbone": "retfound_mae_vit_large",
      "seed": 0,
      "epochs": 20,
      "rounds": 40,
      "local_epochs": 1,
      "batch_size": 16,
      "lr": 0.001,
      "fedprox_mu": 0.05,
      "loss": "balanced_bce",
      "positive_dropout": 0.0,
      "train_label_noise": 0.0,
      "image_size": [
        224,
        224
      ],
      "device": "cuda",
      "lora_rank": 8,
      "lora_alpha": 16.0,
      "require_retfound": true,
      "num_workers": 8,
      "pin_memory": true,
      "persistent_workers": true,
      "use_data_parallel": true
    },
    "model_info": {
      "requested_backbone": "retfound_mae_vit_large",
      "actual_backbone": "retfound_mae_vit_large",
      "is_retfound": true,
      "checkpoint_path": "/home/tiger/.cache/huggingface/hub/models--YukunZhou--RETFound_mae_natureCFP/snapshots/556830f78214f0e8da35af965292ac5a3180ac47/RETFound_mae_natureCFP.pth",
      "lora_rank": 8,
      "lora_alpha": 16.0,
      "trainable_params": 1226798,
      "total_params": 304528430
    },
    "train_loss": [
      0.45001306813742437,
      0.2757187751707222,
      0.2215175831430991,
      0.19389088036891605,
      0.18106708313022477,
      0.17885321127151008,
      0.1453810151300526,
      0.14035806035988832,
      0.13527642168054757,
      0.11909592850233561,
      0.1009617774131974,
      0.0962906945397013,
      0.10663661644902148,
      0.1110358564971414,
      0.09025835384681288,
      0.08149637207143574,
      0.10252753289349908,
      0.07100632150857045,
      0.08178618816983155,
      0.08089222538534419,
      0.06375889565047275,
      0.06225256146210345,
      0.05877265716853019,
      0.062103511952071644,
      0.046991094324205604,
      0.06398709054803475,
      0.07013289158398818,
      0.051766827684810515,
      0.06674513225106889,
      0.059260755901590786,
      0.04680538089280682,
      0.06459791847039015,
      0.057800747699283034,
      0.05453196814258783,
      0.06407175470376388,
      0.04565552073206553,
      0.05401968379388564,
      0.05438586962276272,
      0.058150251225202475,
      0.051462264457971155
    ],
    "comm_bytes_upload_per_round": [
      19628768,
      19628768,
      19628768,
      19628768,
      19628768,
      19628768,
      19628768,
      19628768,
      19628768,
      19628768,
      19628768,
      19628768,
      19628768,
      19628768,
      19628768,
      19628768,
      19628768,
      19628768,
      19628768,
      19628768,
      19628768,
      19628768,
      19628768,
      19628768,
      19628768,
      19628768,
      19628768,
      19628768,
      19628768,
      19628768,
      19628768,
      19628768,
      19628768,
      19628768,
      19628768,
      19628768,
      19628768,
      19628768,
      19628768,
      19628768
    ],
    "total_upload_bytes": 785150720,
    "eval": {
      "threshold": 0.5,
      "micro_f1": 0.7073791348600509,
      "macro_f1_present": 0.24270940686309556,
      "best_threshold": 0.45,
      "best_micro_f1": 0.7080383173677635,
      "best_macro_f1_present": 0.24807573392030827,
      "macro_ap": 0.2815839932597394,
      "macro_auroc": 0.812194035137775
    }
  }
}
