{
  "name": "ablate_robust_noise02",
  "config": {
    "method": "robust_fedprox",
    "backbone": "retfound_mae_vit_large",
    "seed": 0,
    "epochs": 20,
    "rounds": 40,
    "local_epochs": 1,
    "batch_size": 16,
    "lr": 0.001,
    "fedprox_mu": 0.05,
    "loss": "balanced_bce",
    "positive_dropout": 0.1,
    "train_label_noise": 0.2,
    "image_size": [
      224,
      224
    ],
    "device": "cuda",
    "lora_rank": 8,
    "lora_alpha": 16.0,
    "require_retfound": true,
    "num_workers": 8,
    "pin_memory": true,
    "persistent_workers": true,
    "use_data_parallel": true
  },
  "result": {
    "config": {
      "method": "robust_fedprox",
      "backbone": "retfound_mae_vit_large",
      "seed": 0,
      "epochs": 20,
      "rounds": 40,
      "local_epochs": 1,
      "batch_size": 16,
      "lr": 0.001,
      "fedprox_mu": 0.05,
      "loss": "balanced_bce",
      "positive_dropout": 0.1,
      "train_label_noise": 0.2,
      "image_size": [
        224,
        224
      ],
      "device": "cuda",
      "lora_rank": 8,
      "lora_alpha": 16.0,
      "require_retfound": true,
      "num_workers": 8,
      "pin_memory": true,
      "persistent_workers": true,
      "use_data_parallel": true
    },
    "model_info": {
      "requested_backbone": "retfound_mae_vit_large",
      "actual_backbone": "retfound_mae_vit_large",
      "is_retfound": true,
      "checkpoint_path": "/home/tiger/.cache/huggingface/hub/models--YukunZhou--RETFound_mae_natureCFP/snapshots/556830f78214f0e8da35af965292ac5a3180ac47/RETFound_mae_natureCFP.pth",
      "lora_rank": 8,
      "lora_alpha": 16.0,
      "trainable_params": 1226798,
      "total_params": 304528430
    },
    "train_loss": [
      0.547912049293518,
      0.4570139280209939,
      0.4520062630375226,
      0.4409736234694719,
      0.43834300252298514,
      0.42749432908991974,
      0.42258833336333435,
      0.42207889805237453,
      0.409044078613321,
      0.40471198509136835,
      0.4034793217976888,
      0.4033663354814052,
      0.39615128611524897,
      0.3854175933947166,
      0.38203936492403345,
      0.37822675133744876,
      0.3713029501338799,
      0.3731726218014955,
      0.362092496206363,
      0.3669623900204897,
      0.37069878044227766,
      0.36438852387169995,
      0.3498130145172278,
      0.3544739540666342,
      0.3478722891459862,
      0.33551544348398843,
      0.3371219463646412,
      0.3347149840245644,
      0.32892315002779166,
      0.3294726957877477,
      0.32093460075557234,
      0.32927722856402397,
      0.3250761200984319,
      0.3182488908370336,
      0.3156912844628096,
      0.31329856887459756,
      0.3132124423980713,
      0.30117937649289767,
      0.30562201055387656,
      0.29854301524659
    ],
    "comm_bytes_upload_per_round": [
      19628768,
      19628768,
      19628768,
      19628768,
      19628768,
      19628768,
      19628768,
      19628768,
      19628768,
      19628768,
      19628768,
      19628768,
      19628768,
      19628768,
      19628768,
      19628768,
      19628768,
      19628768,
      19628768,
      19628768,
      19628768,
      19628768,
      19628768,
      19628768,
      19628768,
      19628768,
      19628768,
      19628768,
      19628768,
      19628768,
      19628768,
      19628768,
      19628768,
      19628768,
      19628768,
      19628768,
      19628768,
      19628768,
      19628768,
      19628768
    ],
    "total_upload_bytes": 785150720,
    "eval": {
      "threshold": 0.5,
      "micro_f1": 0.5254452926208651,
      "macro_f1_present": 0.16128682221568333,
      "best_threshold": 0.6,
      "best_micro_f1": 0.5447500968616815,
      "best_macro_f1_present": 0.16296821247274468,
      "macro_ap": 0.17542234264036585,
      "macro_auroc": 0.755033381218143
    }
  }
}
