{
  "name": "ablate_fedprox_dir_a0p1",
  "config": {
    "method": "fedprox",
    "backbone": "retfound_mae_vit_large",
    "seed": 0,
    "epochs": 20,
    "rounds": 40,
    "local_epochs": 1,
    "batch_size": 16,
    "lr": 0.001,
    "fedprox_mu": 0.05,
    "loss": "balanced_bce",
    "positive_dropout": 0.0,
    "train_label_noise": 0.0,
    "image_size": [
      224,
      224
    ],
    "device": "cuda",
    "lora_rank": 8,
    "lora_alpha": 16.0,
    "require_retfound": true,
    "num_workers": 8,
    "pin_memory": true,
    "persistent_workers": true,
    "use_data_parallel": true
  },
  "result": {
    "config": {
      "method": "fedprox",
      "backbone": "retfound_mae_vit_large",
      "seed": 0,
      "epochs": 20,
      "rounds": 40,
      "local_epochs": 1,
      "batch_size": 16,
      "lr": 0.001,
      "fedprox_mu": 0.05,
      "loss": "balanced_bce",
      "positive_dropout": 0.0,
      "train_label_noise": 0.0,
      "image_size": [
        224,
        224
      ],
      "device": "cuda",
      "lora_rank": 8,
      "lora_alpha": 16.0,
      "require_retfound": true,
      "num_workers": 8,
      "pin_memory": true,
      "persistent_workers": true,
      "use_data_parallel": true
    },
    "model_info": {
      "requested_backbone": "retfound_mae_vit_large",
      "actual_backbone": "retfound_mae_vit_large",
      "is_retfound": true,
      "checkpoint_path": "/home/tiger/.cache/huggingface/hub/models--YukunZhou--RETFound_mae_natureCFP/snapshots/556830f78214f0e8da35af965292ac5a3180ac47/RETFound_mae_natureCFP.pth",
      "lora_rank": 8,
      "lora_alpha": 16.0,
      "trainable_params": 1226798,
      "total_params": 304528430
    },
    "train_loss": [
      0.47101063843743474,
      0.2547938617817661,
      0.2515753963675235,
      0.24160131640440108,
      0.22677463452730862,
      0.21339906529322558,
      0.212151933200553,
      0.20831167248680313,
      0.20058345555194787,
      0.20127885397888867,
      0.18839579368537132,
      0.18137840987691858,
      0.18132253445904048,
      0.1780170657559812,
      0.16303661433818126,
      0.17261820884697995,
      0.1584405151381045,
      0.1643937949967735,
      0.166799635756813,
      0.14912167664732084,
      0.1496801385369037,
      0.15134563018680033,
      0.14341875837714066,
      0.13776542258602814,
      0.13286790160947487,
      0.12824884787494062,
      0.1343995080452089,
      0.13345889416614584,
      0.128333063668334,
      0.12211943607182564,
      0.11496434101433146,
      0.11848348141478307,
      0.10935396086737638,
      0.11706582706223351,
      0.11091036295533932,
      0.10418479584929656,
      0.1085722737577783,
      0.10310716907225069,
      0.09514263112891039,
      0.09754154648950078
    ],
    "comm_bytes_upload_per_round": [
      19628768,
      19628768,
      19628768,
      19628768,
      19628768,
      19628768,
      19628768,
      19628768,
      19628768,
      19628768,
      19628768,
      19628768,
      19628768,
      19628768,
      19628768,
      19628768,
      19628768,
      19628768,
      19628768,
      19628768,
      19628768,
      19628768,
      19628768,
      19628768,
      19628768,
      19628768,
      19628768,
      19628768,
      19628768,
      19628768,
      19628768,
      19628768,
      19628768,
      19628768,
      19628768,
      19628768,
      19628768,
      19628768,
      19628768,
      19628768
    ],
    "total_upload_bytes": 785150720,
    "eval": {
      "threshold": 0.5,
      "micro_f1": 0.548103186646434,
      "macro_f1_present": 0.17337280183751866,
      "best_threshold": 0.45,
      "best_micro_f1": 0.5309278350515464,
      "best_macro_f1_present": 0.17455941732079638,
      "macro_ap": 0.20602046259132062,
      "macro_auroc": 0.7678561913073725
    }
  }
}
