{
  "name": "ablate_fedprox_mu0p1",
  "config": {
    "method": "fedprox",
    "backbone": "retfound_mae_vit_large",
    "seed": 0,
    "epochs": 20,
    "rounds": 40,
    "local_epochs": 1,
    "batch_size": 16,
    "lr": 0.001,
    "fedprox_mu": 0.1,
    "loss": "balanced_bce",
    "positive_dropout": 0.0,
    "train_label_noise": 0.0,
    "image_size": [
      224,
      224
    ],
    "device": "cuda",
    "lora_rank": 8,
    "lora_alpha": 16.0,
    "require_retfound": true,
    "num_workers": 8,
    "pin_memory": true,
    "persistent_workers": true,
    "use_data_parallel": true
  },
  "result": {
    "config": {
      "method": "fedprox",
      "backbone": "retfound_mae_vit_large",
      "seed": 0,
      "epochs": 20,
      "rounds": 40,
      "local_epochs": 1,
      "batch_size": 16,
      "lr": 0.001,
      "fedprox_mu": 0.1,
      "loss": "balanced_bce",
      "positive_dropout": 0.0,
      "train_label_noise": 0.0,
      "image_size": [
        224,
        224
      ],
      "device": "cuda",
      "lora_rank": 8,
      "lora_alpha": 16.0,
      "require_retfound": true,
      "num_workers": 8,
      "pin_memory": true,
      "persistent_workers": true,
      "use_data_parallel": true
    },
    "model_info": {
      "requested_backbone": "retfound_mae_vit_large",
      "actual_backbone": "retfound_mae_vit_large",
      "is_retfound": true,
      "checkpoint_path": "/home/tiger/.cache/huggingface/hub/models--YukunZhou--RETFound_mae_natureCFP/snapshots/556830f78214f0e8da35af965292ac5a3180ac47/RETFound_mae_natureCFP.pth",
      "lora_rank": 8,
      "lora_alpha": 16.0,
      "trainable_params": 1226798,
      "total_params": 304528430
    },
    "train_loss": [
      0.6368599971135457,
      0.5328339442610741,
      0.5198532653351625,
      0.5125668557981651,
      0.508345690369606,
      0.5019934917489688,
      0.49688839018344877,
      0.4931127605338892,
      0.48965268110235527,
      0.4868256186445554,
      0.48543264021476107,
      0.4777181339760622,
      0.47127199421326316,
      0.46276713808377584,
      0.4613772861659527,
      0.45752606416742003,
      0.44967689538995426,
      0.44811266312996545,
      0.4349187632401784,
      0.43818609702090416,
      0.43147636825839675,
      0.43115028503040476,
      0.42816097612182297,
      0.4214774243533611,
      0.4198539444555839,
      0.410309952745835,
      0.40836963256200154,
      0.4088880664358537,
      0.4067201162377993,
      0.3981113323320945,
      0.39698025584220886,
      0.38974081488947077,
      0.3880811660240094,
      0.38191193838914234,
      0.37602862988909086,
      0.375396724169453,
      0.3726856914659341,
      0.3656799084196488,
      0.3725570364544789,
      0.36353588352600735
    ],
    "comm_bytes_upload_per_round": [
      19628768,
      19628768,
      19628768,
      19628768,
      19628768,
      19628768,
      19628768,
      19628768,
      19628768,
      19628768,
      19628768,
      19628768,
      19628768,
      19628768,
      19628768,
      19628768,
      19628768,
      19628768,
      19628768,
      19628768,
      19628768,
      19628768,
      19628768,
      19628768,
      19628768,
      19628768,
      19628768,
      19628768,
      19628768,
      19628768,
      19628768,
      19628768,
      19628768,
      19628768,
      19628768,
      19628768,
      19628768,
      19628768,
      19628768,
      19628768
    ],
    "total_upload_bytes": 785150720,
    "eval": {
      "threshold": 0.5,
      "micro_f1": 0.5230337078651686,
      "macro_f1_present": 0.1509209789903006,
      "best_threshold": 0.65,
      "best_micro_f1": 0.5971119133574008,
      "best_macro_f1_present": 0.16760614401338697,
      "macro_ap": 0.18420236104700033,
      "macro_auroc": 0.7458377987519682
    }
  }
}
