{
  "name": "ablate_fedavg_noise02",
  "config": {
    "method": "fedavg",
    "backbone": "retfound_mae_vit_large",
    "seed": 0,
    "epochs": 20,
    "rounds": 40,
    "local_epochs": 1,
    "batch_size": 16,
    "lr": 0.001,
    "fedprox_mu": 0.05,
    "loss": "balanced_bce",
    "positive_dropout": 0.0,
    "train_label_noise": 0.2,
    "image_size": [
      224,
      224
    ],
    "device": "cuda",
    "lora_rank": 8,
    "lora_alpha": 16.0,
    "require_retfound": true,
    "num_workers": 8,
    "pin_memory": true,
    "persistent_workers": true,
    "use_data_parallel": true
  },
  "result": {
    "config": {
      "method": "fedavg",
      "backbone": "retfound_mae_vit_large",
      "seed": 0,
      "epochs": 20,
      "rounds": 40,
      "local_epochs": 1,
      "batch_size": 16,
      "lr": 0.001,
      "fedprox_mu": 0.05,
      "loss": "balanced_bce",
      "positive_dropout": 0.0,
      "train_label_noise": 0.2,
      "image_size": [
        224,
        224
      ],
      "device": "cuda",
      "lora_rank": 8,
      "lora_alpha": 16.0,
      "require_retfound": true,
      "num_workers": 8,
      "pin_memory": true,
      "persistent_workers": true,
      "use_data_parallel": true
    },
    "model_info": {
      "requested_backbone": "retfound_mae_vit_large",
      "actual_backbone": "retfound_mae_vit_large",
      "is_retfound": true,
      "checkpoint_path": "/home/tiger/.cache/huggingface/hub/models--YukunZhou--RETFound_mae_natureCFP/snapshots/556830f78214f0e8da35af965292ac5a3180ac47/RETFound_mae_natureCFP.pth",
      "lora_rank": 8,
      "lora_alpha": 16.0,
      "trainable_params": 1226798,
      "total_params": 304528430
    },
    "train_loss": [
      0.521372330437104,
      0.4763818668822447,
      0.45622095266977947,
      0.4443919143329064,
      0.42848080744345984,
      0.4133722321440776,
      0.38778600121537843,
      0.37776672715942067,
      0.35975388449927176,
      0.3530147238324086,
      0.3442470056315263,
      0.33493872421483195,
      0.3220134487996499,
      0.30883531880875426,
      0.3036055091768503,
      0.2972959230343501,
      0.28588490784168247,
      0.2840154620508353,
      0.2758346904690067,
      0.2670868063966433,
      0.25850843042135235,
      0.24955358256896337,
      0.23655958591649928,
      0.23332204762846231,
      0.22711837415893874,
      0.2095705592383941,
      0.20897187056640784,
      0.19638878603776294,
      0.19102536017696062,
      0.1842611036573847,
      0.1756995474298795,
      0.17662224310139815,
      0.16162415569027266,
      0.15589545723050835,
      0.1489002140549322,
      0.14224155855675538,
      0.13674406244729956,
      0.1275495302552978,
      0.12885852409526705,
      0.12335075810551643
    ],
    "comm_bytes_upload_per_round": [
      19628768,
      19628768,
      19628768,
      19628768,
      19628768,
      19628768,
      19628768,
      19628768,
      19628768,
      19628768,
      19628768,
      19628768,
      19628768,
      19628768,
      19628768,
      19628768,
      19628768,
      19628768,
      19628768,
      19628768,
      19628768,
      19628768,
      19628768,
      19628768,
      19628768,
      19628768,
      19628768,
      19628768,
      19628768,
      19628768,
      19628768,
      19628768,
      19628768,
      19628768,
      19628768,
      19628768,
      19628768,
      19628768,
      19628768,
      19628768
    ],
    "total_upload_bytes": 785150720,
    "eval": {
      "threshold": 0.5,
      "micro_f1": 0.5975133214920071,
      "macro_f1_present": 0.2244091919886067,
      "best_threshold": 0.75,
      "best_micro_f1": 0.5472779369627507,
      "best_macro_f1_present": 0.2323570085571271,
      "macro_ap": 0.26140146512998397,
      "macro_auroc": 0.7906485185430822
    }
  }
}
