{
  "name": "fedavg_s0",
  "config": {
    "method": "fedavg",
    "backbone": "retfound_mae_vit_large",
    "seed": 0,
    "epochs": 20,
    "rounds": 40,
    "local_epochs": 1,
    "batch_size": 16,
    "lr": 0.001,
    "fedprox_mu": 0.05,
    "loss": "balanced_bce",
    "positive_dropout": 0.0,
    "train_label_noise": 0.0,
    "image_size": [
      224,
      224
    ],
    "device": "cuda",
    "lora_rank": 8,
    "lora_alpha": 16.0,
    "require_retfound": true
  },
  "result": {
    "config": {
      "method": "fedavg",
      "backbone": "retfound_mae_vit_large",
      "seed": 0,
      "epochs": 20,
      "rounds": 40,
      "local_epochs": 1,
      "batch_size": 16,
      "lr": 0.001,
      "fedprox_mu": 0.05,
      "loss": "balanced_bce",
      "positive_dropout": 0.0,
      "train_label_noise": 0.0,
      "image_size": [
        224,
        224
      ],
      "device": "cuda",
      "lora_rank": 8,
      "lora_alpha": 16.0,
      "require_retfound": true
    },
    "model_info": {
      "requested_backbone": "retfound_mae_vit_large",
      "actual_backbone": "retfound_mae_vit_large",
      "is_retfound": true,
      "checkpoint_path": "/home/tiger/.cache/huggingface/hub/models--YukunZhou--RETFound_mae_natureCFP/snapshots/556830f78214f0e8da35af965292ac5a3180ac47/RETFound_mae_natureCFP.pth",
      "lora_rank": 8,
      "lora_alpha": 16.0,
      "trainable_params": 1226798,
      "total_params": 304528430
    },
    "train_loss": [
      0.5654471926391125,
      0.5194048687815667,
      0.4986199885606766,
      0.4771979669729869,
      0.45742927466829614,
      0.4357332613319158,
      0.4157729650537173,
      0.40103732372323675,
      0.3802717806150516,
      0.3671241760253906,
      0.35797244769831504,
      0.34222087313731514,
      0.3339237676933408,
      0.322117023418347,
      0.3176148617019256,
      0.3064171686768532,
      0.2949002481997013,
      0.28586702762792504,
      0.2735778871923685,
      0.26698244878401356,
      0.2576689166327317,
      0.24690124473224082,
      0.23316963904847698,
      0.21959825592736404,
      0.22132895396401484,
      0.20321976461758215,
      0.1968257822406789,
      0.19052220763017735,
      0.1809056600555778,
      0.17381877731531858,
      0.16640823675940433,
      0.16054407951111593,
      0.15144175135840973,
      0.1469370520984133,
      0.14002247974276544,
      0.13107696305960417,
      0.12959387768059968,
      0.11692713663602869,
      0.11812548118953903,
      0.11267585993433993
    ],
    "comm_bytes_upload_per_round": [
      19628768,
      19628768,
      19628768,
      19628768,
      19628768,
      19628768,
      19628768,
      19628768,
      19628768,
      19628768,
      19628768,
      19628768,
      19628768,
      19628768,
      19628768,
      19628768,
      19628768,
      19628768,
      19628768,
      19628768,
      19628768,
      19628768,
      19628768,
      19628768,
      19628768,
      19628768,
      19628768,
      19628768,
      19628768,
      19628768,
      19628768,
      19628768,
      19628768,
      19628768,
      19628768,
      19628768,
      19628768,
      19628768,
      19628768,
      19628768
    ],
    "total_upload_bytes": 785150720,
    "eval": {
      "threshold": 0.5,
      "micro_f1": 0.6310344827586207,
      "macro_f1_present": 0.22587229042881202,
      "best_threshold": 0.65,
      "best_micro_f1": 0.6646130150173277,
      "best_macro_f1_present": 0.2391338656116866,
      "macro_ap": 0.26785098192248313,
      "macro_auroc": 0.8015700755989219
    }
  }
}
