{
  "name": "fedavg_s2",
  "config": {
    "method": "fedavg",
    "backbone": "retfound_mae_vit_large",
    "seed": 2,
    "epochs": 20,
    "rounds": 40,
    "local_epochs": 1,
    "batch_size": 16,
    "lr": 0.001,
    "fedprox_mu": 0.05,
    "loss": "balanced_bce",
    "positive_dropout": 0.0,
    "train_label_noise": 0.0,
    "image_size": [
      224,
      224
    ],
    "device": "cuda",
    "lora_rank": 8,
    "lora_alpha": 16.0,
    "require_retfound": true,
    "num_workers": 8,
    "pin_memory": true,
    "persistent_workers": true,
    "use_data_parallel": true
  },
  "result": {
    "config": {
      "method": "fedavg",
      "backbone": "retfound_mae_vit_large",
      "seed": 2,
      "epochs": 20,
      "rounds": 40,
      "local_epochs": 1,
      "batch_size": 16,
      "lr": 0.001,
      "fedprox_mu": 0.05,
      "loss": "balanced_bce",
      "positive_dropout": 0.0,
      "train_label_noise": 0.0,
      "image_size": [
        224,
        224
      ],
      "device": "cuda",
      "lora_rank": 8,
      "lora_alpha": 16.0,
      "require_retfound": true,
      "num_workers": 8,
      "pin_memory": true,
      "persistent_workers": true,
      "use_data_parallel": true
    },
    "model_info": {
      "requested_backbone": "retfound_mae_vit_large",
      "actual_backbone": "retfound_mae_vit_large",
      "is_retfound": true,
      "checkpoint_path": "/home/tiger/.cache/huggingface/hub/models--YukunZhou--RETFound_mae_natureCFP/snapshots/556830f78214f0e8da35af965292ac5a3180ac47/RETFound_mae_natureCFP.pth",
      "lora_rank": 8,
      "lora_alpha": 16.0,
      "trainable_params": 1226798,
      "total_params": 304528430
    },
    "train_loss": [
      0.5686889581382275,
      0.5126975114146869,
      0.4886953706542651,
      0.4598225047190984,
      0.44470864435036983,
      0.42987908100088434,
      0.4125389508903027,
      0.40196110866963863,
      0.3866698306053877,
      0.37565690986812117,
      0.35711077886323134,
      0.3584533153722683,
      0.3488596924891074,
      0.3375989305476348,
      0.3274318901201089,
      0.3143972884863615,
      0.30179604378839336,
      0.28528761106232803,
      0.28612792193889613,
      0.2716100076834361,
      0.262298441119492,
      0.24941415960590047,
      0.23927903678268192,
      0.2247964180385073,
      0.21587801780551674,
      0.20970239726205667,
      0.1962389389052987,
      0.18806383932630222,
      0.1837209164475401,
      0.1695633529374997,
      0.1694873094558716,
      0.16190468358496826,
      0.14466636050492526,
      0.13770809958999355,
      0.13698521948729953,
      0.12435269206762314,
      0.12331516776854794,
      0.1206532737550636,
      0.1166759722866118,
      0.10768752281243603
    ],
    "comm_bytes_upload_per_round": [
      19628768,
      19628768,
      19628768,
      19628768,
      19628768,
      19628768,
      19628768,
      19628768,
      19628768,
      19628768,
      19628768,
      19628768,
      19628768,
      19628768,
      19628768,
      19628768,
      19628768,
      19628768,
      19628768,
      19628768,
      19628768,
      19628768,
      19628768,
      19628768,
      19628768,
      19628768,
      19628768,
      19628768,
      19628768,
      19628768,
      19628768,
      19628768,
      19628768,
      19628768,
      19628768,
      19628768,
      19628768,
      19628768,
      19628768,
      19628768
    ],
    "total_upload_bytes": 785150720,
    "eval": {
      "threshold": 0.5,
      "micro_f1": 0.6270491803278688,
      "macro_f1_present": 0.24850774886300311,
      "best_threshold": 0.8,
      "best_micro_f1": 0.6832678025338575,
      "best_macro_f1_present": 0.25623884299408783,
      "macro_ap": 0.2972378031187928,
      "macro_auroc": 0.8339232548055275
    }
  }
}
