{
  "name": "fedprox_s1",
  "config": {
    "method": "fedprox",
    "backbone": "retfound_mae_vit_large",
    "seed": 1,
    "epochs": 20,
    "rounds": 40,
    "local_epochs": 1,
    "batch_size": 16,
    "lr": 0.001,
    "fedprox_mu": 0.05,
    "loss": "balanced_bce",
    "positive_dropout": 0.0,
    "train_label_noise": 0.0,
    "image_size": [
      224,
      224
    ],
    "device": "cuda",
    "lora_rank": 8,
    "lora_alpha": 16.0,
    "require_retfound": true,
    "num_workers": 8,
    "pin_memory": true,
    "persistent_workers": true,
    "use_data_parallel": true
  },
  "result": {
    "config": {
      "method": "fedprox",
      "backbone": "retfound_mae_vit_large",
      "seed": 1,
      "epochs": 20,
      "rounds": 40,
      "local_epochs": 1,
      "batch_size": 16,
      "lr": 0.001,
      "fedprox_mu": 0.05,
      "loss": "balanced_bce",
      "positive_dropout": 0.0,
      "train_label_noise": 0.0,
      "image_size": [
        224,
        224
      ],
      "device": "cuda",
      "lora_rank": 8,
      "lora_alpha": 16.0,
      "require_retfound": true,
      "num_workers": 8,
      "pin_memory": true,
      "persistent_workers": true,
      "use_data_parallel": true
    },
    "model_info": {
      "requested_backbone": "retfound_mae_vit_large",
      "actual_backbone": "retfound_mae_vit_large",
      "is_retfound": true,
      "checkpoint_path": "/home/tiger/.cache/huggingface/hub/models--YukunZhou--RETFound_mae_natureCFP/snapshots/556830f78214f0e8da35af965292ac5a3180ac47/RETFound_mae_natureCFP.pth",
      "lora_rank": 8,
      "lora_alpha": 16.0,
      "trainable_params": 1226798,
      "total_params": 304528430
    },
    "train_loss": [
      0.6128777953485648,
      0.5317679348091284,
      0.5195173757771651,
      0.5083340850969156,
      0.5003735229372979,
      0.49190840944647796,
      0.48645188634594283,
      0.4744515096147855,
      0.4647466830909252,
      0.4574781969189644,
      0.4509279747804006,
      0.44771811813116075,
      0.4373448302348455,
      0.43361316074927647,
      0.42153392781813936,
      0.42430762872099875,
      0.41316150724887846,
      0.4106073809166749,
      0.4010220882793268,
      0.39816104372342426,
      0.39490712210536005,
      0.39066078041990604,
      0.3840134789546331,
      0.3826898554960887,
      0.38171526653071247,
      0.3793833603461583,
      0.37621627499659854,
      0.3705126748730739,
      0.36231249546011285,
      0.3611948369691769,
      0.3626367565244436,
      0.35201235686739285,
      0.3453615968426068,
      0.34740866906940937,
      0.3425641677031914,
      0.3354559143384298,
      0.3399453323334455,
      0.3301776294906934,
      0.32578785431881746,
      0.31982334939142065
    ],
    "comm_bytes_upload_per_round": [
      19628768,
      19628768,
      19628768,
      19628768,
      19628768,
      19628768,
      19628768,
      19628768,
      19628768,
      19628768,
      19628768,
      19628768,
      19628768,
      19628768,
      19628768,
      19628768,
      19628768,
      19628768,
      19628768,
      19628768,
      19628768,
      19628768,
      19628768,
      19628768,
      19628768,
      19628768,
      19628768,
      19628768,
      19628768,
      19628768,
      19628768,
      19628768,
      19628768,
      19628768,
      19628768,
      19628768,
      19628768,
      19628768,
      19628768,
      19628768
    ],
    "total_upload_bytes": 785150720,
    "eval": {
      "threshold": 0.5,
      "micro_f1": 0.5337226277372262,
      "macro_f1_present": 0.16388229339700153,
      "best_threshold": 0.7,
      "best_micro_f1": 0.6144674085850557,
      "best_macro_f1_present": 0.1677481244264179,
      "macro_ap": 0.19582058338304548,
      "macro_auroc": 0.7580638626139695
    }
  }
}
