{
  "name": "robust_fedprox_s1",
  "config": {
    "method": "robust_fedprox",
    "backbone": "retfound_mae_vit_large",
    "seed": 1,
    "epochs": 20,
    "rounds": 40,
    "local_epochs": 1,
    "batch_size": 16,
    "lr": 0.001,
    "fedprox_mu": 0.05,
    "loss": "balanced_bce",
    "positive_dropout": 0.1,
    "train_label_noise": 0.0,
    "image_size": [
      224,
      224
    ],
    "device": "cuda",
    "lora_rank": 8,
    "lora_alpha": 16.0,
    "require_retfound": true,
    "num_workers": 8,
    "pin_memory": true,
    "persistent_workers": true,
    "use_data_parallel": true
  },
  "result": {
    "config": {
      "method": "robust_fedprox",
      "backbone": "retfound_mae_vit_large",
      "seed": 1,
      "epochs": 20,
      "rounds": 40,
      "local_epochs": 1,
      "batch_size": 16,
      "lr": 0.001,
      "fedprox_mu": 0.05,
      "loss": "balanced_bce",
      "positive_dropout": 0.1,
      "train_label_noise": 0.0,
      "image_size": [
        224,
        224
      ],
      "device": "cuda",
      "lora_rank": 8,
      "lora_alpha": 16.0,
      "require_retfound": true,
      "num_workers": 8,
      "pin_memory": true,
      "persistent_workers": true,
      "use_data_parallel": true
    },
    "model_info": {
      "requested_backbone": "retfound_mae_vit_large",
      "actual_backbone": "retfound_mae_vit_large",
      "is_retfound": true,
      "checkpoint_path": "/home/tiger/.cache/huggingface/hub/models--YukunZhou--RETFound_mae_natureCFP/snapshots/556830f78214f0e8da35af965292ac5a3180ac47/RETFound_mae_natureCFP.pth",
      "lora_rank": 8,
      "lora_alpha": 16.0,
      "trainable_params": 1226798,
      "total_params": 304528430
    },
    "train_loss": [
      0.5853640921413898,
      0.4990736889342467,
      0.4947651283194622,
      0.4907847044368585,
      0.4758682767550151,
      0.4701493469377359,
      0.46530181455115477,
      0.45190756594141324,
      0.45456400935848557,
      0.4452421093980471,
      0.4328557302554448,
      0.4358703851699829,
      0.4246815582116445,
      0.4144156294564406,
      0.41297603386143844,
      0.41180256294707457,
      0.4016915958374738,
      0.4012040242552757,
      0.3915041837841272,
      0.38833278516928355,
      0.38718071604768434,
      0.3819211035966873,
      0.3826550506055355,
      0.37815360240638257,
      0.3805867111931245,
      0.3705675980697075,
      0.3681958592186371,
      0.36101330841581025,
      0.3521629412968954,
      0.3526126833011707,
      0.35623487519721186,
      0.35583129872878394,
      0.349506035571297,
      0.3413377263893684,
      0.3396817139039437,
      0.34230970318118725,
      0.34200063633422056,
      0.33218711440761883,
      0.32862692934771376,
      0.3243609250833591
    ],
    "comm_bytes_upload_per_round": [
      19628768,
      19628768,
      19628768,
      19628768,
      19628768,
      19628768,
      19628768,
      19628768,
      19628768,
      19628768,
      19628768,
      19628768,
      19628768,
      19628768,
      19628768,
      19628768,
      19628768,
      19628768,
      19628768,
      19628768,
      19628768,
      19628768,
      19628768,
      19628768,
      19628768,
      19628768,
      19628768,
      19628768,
      19628768,
      19628768,
      19628768,
      19628768,
      19628768,
      19628768,
      19628768,
      19628768,
      19628768,
      19628768,
      19628768,
      19628768
    ],
    "total_upload_bytes": 785150720,
    "eval": {
      "threshold": 0.5,
      "micro_f1": 0.55196017423771,
      "macro_f1_present": 0.16243621077543996,
      "best_threshold": 0.65,
      "best_micro_f1": 0.6242038216560509,
      "best_macro_f1_present": 0.1714420115560769,
      "macro_ap": 0.19457153413032147,
      "macro_auroc": 0.7484273055315824
    }
  }
}
