{
  "name": "ablate_fedavg_noise04",
  "config": {
    "method": "fedavg",
    "backbone": "retfound_mae_vit_large",
    "seed": 0,
    "epochs": 20,
    "rounds": 40,
    "local_epochs": 1,
    "batch_size": 16,
    "lr": 0.001,
    "fedprox_mu": 0.05,
    "loss": "balanced_bce",
    "positive_dropout": 0.0,
    "train_label_noise": 0.4,
    "image_size": [
      224,
      224
    ],
    "device": "cuda",
    "lora_rank": 8,
    "lora_alpha": 16.0,
    "require_retfound": true,
    "num_workers": 8,
    "pin_memory": true,
    "persistent_workers": true,
    "use_data_parallel": true
  },
  "result": {
    "config": {
      "method": "fedavg",
      "backbone": "retfound_mae_vit_large",
      "seed": 0,
      "epochs": 20,
      "rounds": 40,
      "local_epochs": 1,
      "batch_size": 16,
      "lr": 0.001,
      "fedprox_mu": 0.05,
      "loss": "balanced_bce",
      "positive_dropout": 0.0,
      "train_label_noise": 0.4,
      "image_size": [
        224,
        224
      ],
      "device": "cuda",
      "lora_rank": 8,
      "lora_alpha": 16.0,
      "require_retfound": true,
      "num_workers": 8,
      "pin_memory": true,
      "persistent_workers": true,
      "use_data_parallel": true
    },
    "model_info": {
      "requested_backbone": "retfound_mae_vit_large",
      "actual_backbone": "retfound_mae_vit_large",
      "is_retfound": true,
      "checkpoint_path": "/home/tiger/.cache/huggingface/hub/models--YukunZhou--RETFound_mae_natureCFP/snapshots/556830f78214f0e8da35af965292ac5a3180ac47/RETFound_mae_natureCFP.pth",
      "lora_rank": 8,
      "lora_alpha": 16.0,
      "trainable_params": 1226798,
      "total_params": 304528430
    },
    "train_loss": [
      0.4530335735529661,
      0.4060285517325004,
      0.39776361882686617,
      0.38522189805905027,
      0.375545846670866,
      0.37141514706114925,
      0.3549059297889471,
      0.34096215615669884,
      0.32409999358157315,
      0.3175805419683457,
      0.31164385651548704,
      0.2991007598737876,
      0.30220198209087057,
      0.29161593013753495,
      0.28159752835830054,
      0.2741189035276572,
      0.2727513536810875,
      0.2681015115852157,
      0.2574414753044645,
      0.25091042574495076,
      0.24903892862300078,
      0.24222171635677417,
      0.2298920255154371,
      0.2269798271358013,
      0.22314981302867332,
      0.20846802548815807,
      0.199596475251019,
      0.19329368614902098,
      0.19059737088779607,
      0.18092352381596963,
      0.1726902347058058,
      0.16458470784127713,
      0.16369087751954794,
      0.15764732006937265,
      0.14814264830201862,
      0.13920528339222074,
      0.13739171338578066,
      0.13302247108270723,
      0.12680943102265396,
      0.12408068894098204
    ],
    "comm_bytes_upload_per_round": [
      19628768,
      19628768,
      19628768,
      19628768,
      19628768,
      19628768,
      19628768,
      19628768,
      19628768,
      19628768,
      19628768,
      19628768,
      19628768,
      19628768,
      19628768,
      19628768,
      19628768,
      19628768,
      19628768,
      19628768,
      19628768,
      19628768,
      19628768,
      19628768,
      19628768,
      19628768,
      19628768,
      19628768,
      19628768,
      19628768,
      19628768,
      19628768,
      19628768,
      19628768,
      19628768,
      19628768,
      19628768,
      19628768,
      19628768,
      19628768
    ],
    "total_upload_bytes": 785150720,
    "eval": {
      "threshold": 0.5,
      "micro_f1": 0.589904046725073,
      "macro_f1_present": 0.1963556858063939,
      "best_threshold": 0.3,
      "best_micro_f1": 0.5950248756218905,
      "best_macro_f1_present": 0.20387610559404182,
      "macro_ap": 0.23244550129359923,
      "macro_auroc": 0.7753817834445509
    }
  }
}
