{
  "name": "ablate_fedprox_mu0p01",
  "config": {
    "method": "fedprox",
    "backbone": "retfound_mae_vit_large",
    "seed": 0,
    "epochs": 20,
    "rounds": 40,
    "local_epochs": 1,
    "batch_size": 16,
    "lr": 0.001,
    "fedprox_mu": 0.01,
    "loss": "balanced_bce",
    "positive_dropout": 0.0,
    "train_label_noise": 0.0,
    "image_size": [
      224,
      224
    ],
    "device": "cuda",
    "lora_rank": 8,
    "lora_alpha": 16.0,
    "require_retfound": true,
    "num_workers": 8,
    "pin_memory": true,
    "persistent_workers": true,
    "use_data_parallel": true
  },
  "result": {
    "config": {
      "method": "fedprox",
      "backbone": "retfound_mae_vit_large",
      "seed": 0,
      "epochs": 20,
      "rounds": 40,
      "local_epochs": 1,
      "batch_size": 16,
      "lr": 0.001,
      "fedprox_mu": 0.01,
      "loss": "balanced_bce",
      "positive_dropout": 0.0,
      "train_label_noise": 0.0,
      "image_size": [
        224,
        224
      ],
      "device": "cuda",
      "lora_rank": 8,
      "lora_alpha": 16.0,
      "require_retfound": true,
      "num_workers": 8,
      "pin_memory": true,
      "persistent_workers": true,
      "use_data_parallel": true
    },
    "model_info": {
      "requested_backbone": "retfound_mae_vit_large",
      "actual_backbone": "retfound_mae_vit_large",
      "is_retfound": true,
      "checkpoint_path": "/home/tiger/.cache/huggingface/hub/models--YukunZhou--RETFound_mae_natureCFP/snapshots/556830f78214f0e8da35af965292ac5a3180ac47/RETFound_mae_natureCFP.pth",
      "lora_rank": 8,
      "lora_alpha": 16.0,
      "trainable_params": 1226798,
      "total_params": 304528430
    },
    "train_loss": [
      0.5861182647446791,
      0.527585648248593,
      0.508543820430835,
      0.490435962130626,
      0.4763309220472972,
      0.47124946291248004,
      0.45113608638445535,
      0.44544703140854836,
      0.42684890789290275,
      0.42037127825121084,
      0.4120742375651995,
      0.39129096729060014,
      0.3885121819873651,
      0.37936543188989164,
      0.37611481025815013,
      0.36368751712143416,
      0.361247077708443,
      0.35180040225386616,
      0.34031186513602735,
      0.33243967716892564,
      0.3269233574469884,
      0.3167025532573462,
      0.31065825273593267,
      0.3035985587785641,
      0.2978731423616409,
      0.28505364917218684,
      0.27517643657823404,
      0.2726145662988225,
      0.26398456506431106,
      0.26279223188757894,
      0.24527466483414173,
      0.2454423330724239,
      0.2358346521233519,
      0.23245052030930916,
      0.22531827067335447,
      0.21876106144239504,
      0.21781441861142714,
      0.20419395652910072,
      0.20393849766502778,
      0.19500838431219258
    ],
    "comm_bytes_upload_per_round": [
      19628768,
      19628768,
      19628768,
      19628768,
      19628768,
      19628768,
      19628768,
      19628768,
      19628768,
      19628768,
      19628768,
      19628768,
      19628768,
      19628768,
      19628768,
      19628768,
      19628768,
      19628768,
      19628768,
      19628768,
      19628768,
      19628768,
      19628768,
      19628768,
      19628768,
      19628768,
      19628768,
      19628768,
      19628768,
      19628768,
      19628768,
      19628768,
      19628768,
      19628768,
      19628768,
      19628768,
      19628768,
      19628768,
      19628768,
      19628768
    ],
    "total_upload_bytes": 785150720,
    "eval": {
      "threshold": 0.5,
      "micro_f1": 0.5943877551020408,
      "macro_f1_present": 0.20388749851666757,
      "best_threshold": 0.75,
      "best_micro_f1": 0.6647326978864484,
      "best_macro_f1_present": 0.2207575005004323,
      "macro_ap": 0.24771452602387228,
      "macro_auroc": 0.8087473899938754
    }
  }
}
