{
  "name": "ablate_robust_noise04",
  "config": {
    "method": "robust_fedprox",
    "backbone": "retfound_mae_vit_large",
    "seed": 0,
    "epochs": 20,
    "rounds": 40,
    "local_epochs": 1,
    "batch_size": 16,
    "lr": 0.001,
    "fedprox_mu": 0.05,
    "loss": "balanced_bce",
    "positive_dropout": 0.1,
    "train_label_noise": 0.4,
    "image_size": [
      224,
      224
    ],
    "device": "cuda",
    "lora_rank": 8,
    "lora_alpha": 16.0,
    "require_retfound": true,
    "num_workers": 8,
    "pin_memory": true,
    "persistent_workers": true,
    "use_data_parallel": true
  },
  "result": {
    "config": {
      "method": "robust_fedprox",
      "backbone": "retfound_mae_vit_large",
      "seed": 0,
      "epochs": 20,
      "rounds": 40,
      "local_epochs": 1,
      "batch_size": 16,
      "lr": 0.001,
      "fedprox_mu": 0.05,
      "loss": "balanced_bce",
      "positive_dropout": 0.1,
      "train_label_noise": 0.4,
      "image_size": [
        224,
        224
      ],
      "device": "cuda",
      "lora_rank": 8,
      "lora_alpha": 16.0,
      "require_retfound": true,
      "num_workers": 8,
      "pin_memory": true,
      "persistent_workers": true,
      "use_data_parallel": true
    },
    "model_info": {
      "requested_backbone": "retfound_mae_vit_large",
      "actual_backbone": "retfound_mae_vit_large",
      "is_retfound": true,
      "checkpoint_path": "/home/tiger/.cache/huggingface/hub/models--YukunZhou--RETFound_mae_natureCFP/snapshots/556830f78214f0e8da35af965292ac5a3180ac47/RETFound_mae_natureCFP.pth",
      "lora_rank": 8,
      "lora_alpha": 16.0,
      "trainable_params": 1226798,
      "total_params": 304528430
    },
    "train_loss": [
      0.4863944470882416,
      0.38665293653806054,
      0.3843370625128349,
      0.3763086246947448,
      0.3707137379795313,
      0.36374210404853025,
      0.357147724678119,
      0.3634261534859736,
      0.3497565548866987,
      0.34713531807065007,
      0.34249497838318343,
      0.34175789033373194,
      0.3474635568757852,
      0.33370599560439584,
      0.33544986918568614,
      0.32941097393631935,
      0.3269719824194908,
      0.32070799147089324,
      0.316213571280241,
      0.32154036511977513,
      0.3221299992253383,
      0.3182841346909603,
      0.3091845198223988,
      0.3079962467153867,
      0.3071087278425694,
      0.29897504076361653,
      0.2986444955070814,
      0.29177358063558734,
      0.294013096143802,
      0.29241824634373187,
      0.2890909609695276,
      0.2858578043679396,
      0.2877166353166103,
      0.28218794167041783,
      0.2854943427567681,
      0.2818862016002337,
      0.27858794604738557,
      0.2727015977104505,
      0.2693894358972708,
      0.27501509276529157
    ],
    "comm_bytes_upload_per_round": [
      19628768,
      19628768,
      19628768,
      19628768,
      19628768,
      19628768,
      19628768,
      19628768,
      19628768,
      19628768,
      19628768,
      19628768,
      19628768,
      19628768,
      19628768,
      19628768,
      19628768,
      19628768,
      19628768,
      19628768,
      19628768,
      19628768,
      19628768,
      19628768,
      19628768,
      19628768,
      19628768,
      19628768,
      19628768,
      19628768,
      19628768,
      19628768,
      19628768,
      19628768,
      19628768,
      19628768,
      19628768,
      19628768,
      19628768,
      19628768
    ],
    "total_upload_bytes": 785150720,
    "eval": {
      "threshold": 0.5,
      "micro_f1": 0.5265210608424337,
      "macro_f1_present": 0.15520671216037188,
      "best_threshold": 0.5,
      "best_micro_f1": 0.5265210608424337,
      "best_macro_f1_present": 0.15520671216037188,
      "macro_ap": 0.17544030193156185,
      "macro_auroc": 0.7464388093741803
    }
  }
}
