{
  "name": "ablate_robust_dir_a0p5",
  "config": {
    "method": "robust_fedprox",
    "backbone": "retfound_mae_vit_large",
    "seed": 0,
    "epochs": 20,
    "rounds": 40,
    "local_epochs": 1,
    "batch_size": 16,
    "lr": 0.001,
    "fedprox_mu": 0.05,
    "loss": "balanced_bce",
    "positive_dropout": 0.1,
    "train_label_noise": 0.0,
    "image_size": [
      224,
      224
    ],
    "device": "cuda",
    "lora_rank": 8,
    "lora_alpha": 16.0,
    "require_retfound": true,
    "num_workers": 8,
    "pin_memory": true,
    "persistent_workers": true,
    "use_data_parallel": true
  },
  "result": {
    "config": {
      "method": "robust_fedprox",
      "backbone": "retfound_mae_vit_large",
      "seed": 0,
      "epochs": 20,
      "rounds": 40,
      "local_epochs": 1,
      "batch_size": 16,
      "lr": 0.001,
      "fedprox_mu": 0.05,
      "loss": "balanced_bce",
      "positive_dropout": 0.1,
      "train_label_noise": 0.0,
      "image_size": [
        224,
        224
      ],
      "device": "cuda",
      "lora_rank": 8,
      "lora_alpha": 16.0,
      "require_retfound": true,
      "num_workers": 8,
      "pin_memory": true,
      "persistent_workers": true,
      "use_data_parallel": true
    },
    "model_info": {
      "requested_backbone": "retfound_mae_vit_large",
      "actual_backbone": "retfound_mae_vit_large",
      "is_retfound": true,
      "checkpoint_path": "/home/tiger/.cache/huggingface/hub/models--YukunZhou--RETFound_mae_natureCFP/snapshots/556830f78214f0e8da35af965292ac5a3180ac47/RETFound_mae_natureCFP.pth",
      "lora_rank": 8,
      "lora_alpha": 16.0,
      "trainable_params": 1226798,
      "total_params": 304528430
    },
    "train_loss": [
      0.49595945108681916,
      0.2841085717467857,
      0.261581699882767,
      0.26465251854487826,
      0.2446138870330261,
      0.25128395260178615,
      0.24261148628113524,
      0.23537196174663091,
      0.24155134008399076,
      0.22575394309391933,
      0.21914272046647967,
      0.21046537462488882,
      0.22059708517843057,
      0.21048879342685853,
      0.2028491880970874,
      0.197057356431282,
      0.20922197141950682,
      0.2029530359711498,
      0.20525844129600695,
      0.19501012409571558,
      0.19654594511059775,
      0.18682763147167863,
      0.1909035727049091,
      0.17640776523921106,
      0.1836560319097979,
      0.18005335724247354,
      0.18409567466937005,
      0.16743258350927917,
      0.1675313281520669,
      0.16992631859013013,
      0.1716105857677758,
      0.17518471299138452,
      0.16720454793157322,
      0.16405923966850552,
      0.16742137729722473,
      0.16427158048908624,
      0.160758620868437,
      0.1676384920214436,
      0.15604662244341205,
      0.15423394591680595
    ],
    "comm_bytes_upload_per_round": [
      19628768,
      19628768,
      19628768,
      19628768,
      19628768,
      19628768,
      19628768,
      19628768,
      19628768,
      19628768,
      19628768,
      19628768,
      19628768,
      19628768,
      19628768,
      19628768,
      19628768,
      19628768,
      19628768,
      19628768,
      19628768,
      19628768,
      19628768,
      19628768,
      19628768,
      19628768,
      19628768,
      19628768,
      19628768,
      19628768,
      19628768,
      19628768,
      19628768,
      19628768,
      19628768,
      19628768,
      19628768,
      19628768,
      19628768,
      19628768
    ],
    "total_upload_bytes": 785150720,
    "eval": {
      "threshold": 0.5,
      "micro_f1": 0.5587144622991347,
      "macro_f1_present": 0.17295027210000638,
      "best_threshold": 0.55,
      "best_micro_f1": 0.5742315238718116,
      "best_macro_f1_present": 0.17491589707138147,
      "macro_ap": 0.20382936517504158,
      "macro_auroc": 0.7791564961238857
    }
  }
}
