{
  "name": "ablate_robust_rank16",
  "config": {
    "method": "robust_fedprox",
    "backbone": "retfound_mae_vit_large",
    "seed": 0,
    "epochs": 20,
    "rounds": 40,
    "local_epochs": 1,
    "batch_size": 16,
    "lr": 0.001,
    "fedprox_mu": 0.05,
    "loss": "balanced_bce",
    "positive_dropout": 0.1,
    "train_label_noise": 0.0,
    "image_size": [
      224,
      224
    ],
    "device": "cuda",
    "lora_rank": 16,
    "lora_alpha": 32.0,
    "require_retfound": true,
    "num_workers": 8,
    "pin_memory": true,
    "persistent_workers": true,
    "use_data_parallel": true
  },
  "result": {
    "config": {
      "method": "robust_fedprox",
      "backbone": "retfound_mae_vit_large",
      "seed": 0,
      "epochs": 20,
      "rounds": 40,
      "local_epochs": 1,
      "batch_size": 16,
      "lr": 0.001,
      "fedprox_mu": 0.05,
      "loss": "balanced_bce",
      "positive_dropout": 0.1,
      "train_label_noise": 0.0,
      "image_size": [
        224,
        224
      ],
      "device": "cuda",
      "lora_rank": 16,
      "lora_alpha": 32.0,
      "require_retfound": true,
      "num_workers": 8,
      "pin_memory": true,
      "persistent_workers": true,
      "use_data_parallel": true
    },
    "model_info": {
      "requested_backbone": "retfound_mae_vit_large",
      "actual_backbone": "retfound_mae_vit_large",
      "is_retfound": true,
      "checkpoint_path": "/home/tiger/.cache/huggingface/hub/models--YukunZhou--RETFound_mae_natureCFP/snapshots/556830f78214f0e8da35af965292ac5a3180ac47/RETFound_mae_natureCFP.pth",
      "lora_rank": 16,
      "lora_alpha": 32.0,
      "trainable_params": 2406446,
      "total_params": 305708078
    },
    "train_loss": [
      0.5954322854677836,
      0.5146034566064676,
      0.49947572896877923,
      0.5001007318496704,
      0.4921602182090283,
      0.47659364144007366,
      0.4738542277365923,
      0.47268130431572597,
      0.4591617075105508,
      0.4520267056922118,
      0.4439164528002342,
      0.4384686293701331,
      0.4341621788839499,
      0.4292802362392346,
      0.425220608835419,
      0.42324718944728373,
      0.4144391681998968,
      0.41851497838894525,
      0.39874652127424876,
      0.3950921107083559,
      0.39871686796347294,
      0.40622259825468066,
      0.38967558766404786,
      0.39674983049432433,
      0.3888842434932789,
      0.3787102814763784,
      0.38351860096057255,
      0.37851710182925064,
      0.3673083197325468,
      0.368706722309192,
      0.36178946271538737,
      0.369343689084053,
      0.3672775596380234,
      0.3567302323877812,
      0.3552188688268264,
      0.3515689417719841,
      0.35119018678863845,
      0.34569191671907906,
      0.34398655593395233,
      0.334378777568539
    ],
    "comm_bytes_upload_per_round": [
      38503136,
      38503136,
      38503136,
      38503136,
      38503136,
      38503136,
      38503136,
      38503136,
      38503136,
      38503136,
      38503136,
      38503136,
      38503136,
      38503136,
      38503136,
      38503136,
      38503136,
      38503136,
      38503136,
      38503136,
      38503136,
      38503136,
      38503136,
      38503136,
      38503136,
      38503136,
      38503136,
      38503136,
      38503136,
      38503136,
      38503136,
      38503136,
      38503136,
      38503136,
      38503136,
      38503136,
      38503136,
      38503136,
      38503136,
      38503136
    ],
    "total_upload_bytes": 1540125440,
    "eval": {
      "threshold": 0.5,
      "micro_f1": 0.5154045493809387,
      "macro_f1_present": 0.1537742706370613,
      "best_threshold": 0.65,
      "best_micro_f1": 0.581446311176041,
      "best_macro_f1_present": 0.16879427882639483,
      "macro_ap": 0.19065165083103947,
      "macro_auroc": 0.7588840908288156
    }
  }
}
