{
  "name": "fedavg_s1",
  "config": {
    "method": "fedavg",
    "backbone": "retfound_mae_vit_large",
    "seed": 1,
    "epochs": 20,
    "rounds": 40,
    "local_epochs": 1,
    "batch_size": 16,
    "lr": 0.001,
    "fedprox_mu": 0.05,
    "loss": "balanced_bce",
    "positive_dropout": 0.0,
    "train_label_noise": 0.0,
    "image_size": [
      224,
      224
    ],
    "device": "cuda",
    "lora_rank": 8,
    "lora_alpha": 16.0,
    "require_retfound": true,
    "num_workers": 8,
    "pin_memory": true,
    "persistent_workers": true,
    "use_data_parallel": true
  },
  "result": {
    "config": {
      "method": "fedavg",
      "backbone": "retfound_mae_vit_large",
      "seed": 1,
      "epochs": 20,
      "rounds": 40,
      "local_epochs": 1,
      "batch_size": 16,
      "lr": 0.001,
      "fedprox_mu": 0.05,
      "loss": "balanced_bce",
      "positive_dropout": 0.0,
      "train_label_noise": 0.0,
      "image_size": [
        224,
        224
      ],
      "device": "cuda",
      "lora_rank": 8,
      "lora_alpha": 16.0,
      "require_retfound": true,
      "num_workers": 8,
      "pin_memory": true,
      "persistent_workers": true,
      "use_data_parallel": true
    },
    "model_info": {
      "requested_backbone": "retfound_mae_vit_large",
      "actual_backbone": "retfound_mae_vit_large",
      "is_retfound": true,
      "checkpoint_path": "/home/tiger/.cache/huggingface/hub/models--YukunZhou--RETFound_mae_natureCFP/snapshots/556830f78214f0e8da35af965292ac5a3180ac47/RETFound_mae_natureCFP.pth",
      "lora_rank": 8,
      "lora_alpha": 16.0,
      "trainable_params": 1226798,
      "total_params": 304528430
    },
    "train_loss": [
      0.5722339138388634,
      0.5179273967941602,
      0.4994150700668494,
      0.47529835837582746,
      0.4490496831635634,
      0.4308353953063488,
      0.4174820280323426,
      0.3992226969450712,
      0.3891875679294268,
      0.3774300393958886,
      0.36786490107576053,
      0.3553496451427539,
      0.3463338926434517,
      0.3365365418295066,
      0.3306747344632943,
      0.3167287657658259,
      0.3124730426197251,
      0.2995933101822933,
      0.28660443214078746,
      0.27590293797353904,
      0.28130539823323486,
      0.25824938137084247,
      0.24287966393555205,
      0.24083382083723942,
      0.23052828187743823,
      0.22389323624471824,
      0.21043347418308259,
      0.20034672481318316,
      0.19092929245283208,
      0.18116537462919952,
      0.1755508507601917,
      0.16747861883292595,
      0.16183607410639525,
      0.1487604972285529,
      0.14205844569951295,
      0.13588437714303533,
      0.12683986630290744,
      0.12620145545030634,
      0.11690331399440765,
      0.11244500229756038
    ],
    "comm_bytes_upload_per_round": [
      19628768,
      19628768,
      19628768,
      19628768,
      19628768,
      19628768,
      19628768,
      19628768,
      19628768,
      19628768,
      19628768,
      19628768,
      19628768,
      19628768,
      19628768,
      19628768,
      19628768,
      19628768,
      19628768,
      19628768,
      19628768,
      19628768,
      19628768,
      19628768,
      19628768,
      19628768,
      19628768,
      19628768,
      19628768,
      19628768,
      19628768,
      19628768,
      19628768,
      19628768,
      19628768,
      19628768,
      19628768,
      19628768,
      19628768,
      19628768
    ],
    "total_upload_bytes": 785150720,
    "eval": {
      "threshold": 0.5,
      "micro_f1": 0.6262833675564682,
      "macro_f1_present": 0.2183070945717731,
      "best_threshold": 0.65,
      "best_micro_f1": 0.6548808608762491,
      "best_macro_f1_present": 0.22400780518045535,
      "macro_ap": 0.2753975330029293,
      "macro_auroc": 0.7846671150079465
    }
  }
}
