{
  "name": "fedprox_s0",
  "config": {
    "method": "fedprox",
    "backbone": "retfound_mae_vit_large",
    "seed": 0,
    "epochs": 20,
    "rounds": 40,
    "local_epochs": 1,
    "batch_size": 16,
    "lr": 0.001,
    "fedprox_mu": 0.05,
    "loss": "balanced_bce",
    "positive_dropout": 0.0,
    "train_label_noise": 0.0,
    "image_size": [
      224,
      224
    ],
    "device": "cuda",
    "lora_rank": 8,
    "lora_alpha": 16.0,
    "require_retfound": true
  },
  "result": {
    "config": {
      "method": "fedprox",
      "backbone": "retfound_mae_vit_large",
      "seed": 0,
      "epochs": 20,
      "rounds": 40,
      "local_epochs": 1,
      "batch_size": 16,
      "lr": 0.001,
      "fedprox_mu": 0.05,
      "loss": "balanced_bce",
      "positive_dropout": 0.0,
      "train_label_noise": 0.0,
      "image_size": [
        224,
        224
      ],
      "device": "cuda",
      "lora_rank": 8,
      "lora_alpha": 16.0,
      "require_retfound": true
    },
    "model_info": {
      "requested_backbone": "retfound_mae_vit_large",
      "actual_backbone": "retfound_mae_vit_large",
      "is_retfound": true,
      "checkpoint_path": "/home/tiger/.cache/huggingface/hub/models--YukunZhou--RETFound_mae_natureCFP/snapshots/556830f78214f0e8da35af965292ac5a3180ac47/RETFound_mae_natureCFP.pth",
      "lora_rank": 8,
      "lora_alpha": 16.0,
      "trainable_params": 1226798,
      "total_params": 304528430
    },
    "train_loss": [
      0.6150020184616248,
      0.5284286444385846,
      0.5166643003622691,
      0.5034678652882576,
      0.4965046738584836,
      0.49119239499171574,
      0.4811875067651272,
      0.4772993129988512,
      0.47271224707365034,
      0.4619031056761742,
      0.4596357276042302,
      0.44945613381763294,
      0.4396244746943315,
      0.4310045871883631,
      0.42807126318415006,
      0.4248118463903665,
      0.4173208254079024,
      0.41395519102613126,
      0.4002124657233556,
      0.39881083406507967,
      0.39573731993635497,
      0.393011486530304,
      0.38429485845069083,
      0.37807241777578987,
      0.37848177117606,
      0.3642857768883308,
      0.365164960299929,
      0.36073753821353116,
      0.3588063021500906,
      0.3539900025973717,
      0.3505315985530615,
      0.35025889861087,
      0.3410426303744316,
      0.3327668682982524,
      0.3327767928441365,
      0.32901857209702334,
      0.32527515130738416,
      0.3154787391424179,
      0.3198528833687305,
      0.31574349775910376
    ],
    "comm_bytes_upload_per_round": [
      19628768,
      19628768,
      19628768,
      19628768,
      19628768,
      19628768,
      19628768,
      19628768,
      19628768,
      19628768,
      19628768,
      19628768,
      19628768,
      19628768,
      19628768,
      19628768,
      19628768,
      19628768,
      19628768,
      19628768,
      19628768,
      19628768,
      19628768,
      19628768,
      19628768,
      19628768,
      19628768,
      19628768,
      19628768,
      19628768,
      19628768,
      19628768,
      19628768,
      19628768,
      19628768,
      19628768,
      19628768,
      19628768,
      19628768,
      19628768
    ],
    "total_upload_bytes": 785150720,
    "eval": {
      "threshold": 0.5,
      "micro_f1": 0.5371853546910755,
      "macro_f1_present": 0.15863581542575259,
      "best_threshold": 0.7,
      "best_micro_f1": 0.6242818843355037,
      "best_macro_f1_present": 0.17301609706040783,
      "macro_ap": 0.2034014474365821,
      "macro_auroc": 0.7683366794593663
    }
  }
}
