{
  "name": "fedprox_s2",
  "config": {
    "method": "fedprox",
    "backbone": "retfound_mae_vit_large",
    "seed": 2,
    "epochs": 20,
    "rounds": 40,
    "local_epochs": 1,
    "batch_size": 16,
    "lr": 0.001,
    "fedprox_mu": 0.05,
    "loss": "balanced_bce",
    "positive_dropout": 0.0,
    "train_label_noise": 0.0,
    "image_size": [
      224,
      224
    ],
    "device": "cuda",
    "lora_rank": 8,
    "lora_alpha": 16.0,
    "require_retfound": true,
    "num_workers": 8,
    "pin_memory": true,
    "persistent_workers": true,
    "use_data_parallel": true
  },
  "result": {
    "config": {
      "method": "fedprox",
      "backbone": "retfound_mae_vit_large",
      "seed": 2,
      "epochs": 20,
      "rounds": 40,
      "local_epochs": 1,
      "batch_size": 16,
      "lr": 0.001,
      "fedprox_mu": 0.05,
      "loss": "balanced_bce",
      "positive_dropout": 0.0,
      "train_label_noise": 0.0,
      "image_size": [
        224,
        224
      ],
      "device": "cuda",
      "lora_rank": 8,
      "lora_alpha": 16.0,
      "require_retfound": true,
      "num_workers": 8,
      "pin_memory": true,
      "persistent_workers": true,
      "use_data_parallel": true
    },
    "model_info": {
      "requested_backbone": "retfound_mae_vit_large",
      "actual_backbone": "retfound_mae_vit_large",
      "is_retfound": true,
      "checkpoint_path": "/home/tiger/.cache/huggingface/hub/models--YukunZhou--RETFound_mae_natureCFP/snapshots/556830f78214f0e8da35af965292ac5a3180ac47/RETFound_mae_natureCFP.pth",
      "lora_rank": 8,
      "lora_alpha": 16.0,
      "trainable_params": 1226798,
      "total_params": 304528430
    },
    "train_loss": [
      0.6136742206911245,
      0.5253646915157636,
      0.5217440615097682,
      0.5064149372279644,
      0.501660584161679,
      0.48240964934229846,
      0.4778468939165274,
      0.469914281864961,
      0.4697473810364803,
      0.45961657464504246,
      0.44501898462573686,
      0.44729662189881003,
      0.43993171180287993,
      0.43459789305925367,
      0.4297723601261775,
      0.417466543118159,
      0.4110050342977047,
      0.40212222598493097,
      0.4047759224971136,
      0.4056166741997003,
      0.39289100281894207,
      0.38763563744723795,
      0.38246220399936043,
      0.3809220692763726,
      0.37399503973623116,
      0.3707893993705511,
      0.36401368454098704,
      0.37027598135173323,
      0.35789075816671057,
      0.356353676567475,
      0.3528303048262993,
      0.3491385200371345,
      0.34575572001437344,
      0.3390616467843453,
      0.3355087537318468,
      0.32994860646625357,
      0.32661864099403226,
      0.32782072375218074,
      0.31782190017402173,
      0.3112133706609408
    ],
    "comm_bytes_upload_per_round": [
      19628768,
      19628768,
      19628768,
      19628768,
      19628768,
      19628768,
      19628768,
      19628768,
      19628768,
      19628768,
      19628768,
      19628768,
      19628768,
      19628768,
      19628768,
      19628768,
      19628768,
      19628768,
      19628768,
      19628768,
      19628768,
      19628768,
      19628768,
      19628768,
      19628768,
      19628768,
      19628768,
      19628768,
      19628768,
      19628768,
      19628768,
      19628768,
      19628768,
      19628768,
      19628768,
      19628768,
      19628768,
      19628768,
      19628768,
      19628768
    ],
    "total_upload_bytes": 785150720,
    "eval": {
      "threshold": 0.5,
      "micro_f1": 0.5368016553355011,
      "macro_f1_present": 0.1650903330936911,
      "best_threshold": 0.7,
      "best_micro_f1": 0.6141669964384646,
      "best_macro_f1_present": 0.18131103030243023,
      "macro_ap": 0.1993075884145891,
      "macro_auroc": 0.7690926228110248
    }
  }
}
