{
  "name": "robust_fedprox_s2",
  "config": {
    "method": "robust_fedprox",
    "backbone": "retfound_mae_vit_large",
    "seed": 2,
    "epochs": 20,
    "rounds": 40,
    "local_epochs": 1,
    "batch_size": 16,
    "lr": 0.001,
    "fedprox_mu": 0.05,
    "loss": "balanced_bce",
    "positive_dropout": 0.1,
    "train_label_noise": 0.0,
    "image_size": [
      224,
      224
    ],
    "device": "cuda",
    "lora_rank": 8,
    "lora_alpha": 16.0,
    "require_retfound": true,
    "num_workers": 8,
    "pin_memory": true,
    "persistent_workers": true,
    "use_data_parallel": true
  },
  "result": {
    "config": {
      "method": "robust_fedprox",
      "backbone": "retfound_mae_vit_large",
      "seed": 2,
      "epochs": 20,
      "rounds": 40,
      "local_epochs": 1,
      "batch_size": 16,
      "lr": 0.001,
      "fedprox_mu": 0.05,
      "loss": "balanced_bce",
      "positive_dropout": 0.1,
      "train_label_noise": 0.0,
      "image_size": [
        224,
        224
      ],
      "device": "cuda",
      "lora_rank": 8,
      "lora_alpha": 16.0,
      "require_retfound": true,
      "num_workers": 8,
      "pin_memory": true,
      "persistent_workers": true,
      "use_data_parallel": true
    },
    "model_info": {
      "requested_backbone": "retfound_mae_vit_large",
      "actual_backbone": "retfound_mae_vit_large",
      "is_retfound": true,
      "checkpoint_path": "/home/tiger/.cache/huggingface/hub/models--YukunZhou--RETFound_mae_natureCFP/snapshots/556830f78214f0e8da35af965292ac5a3180ac47/RETFound_mae_natureCFP.pth",
      "lora_rank": 8,
      "lora_alpha": 16.0,
      "trainable_params": 1226798,
      "total_params": 304528430
    },
    "train_loss": [
      0.5831128331522146,
      0.5004239109655221,
      0.4956225350499154,
      0.48334006617466607,
      0.47984071845809617,
      0.4602084332456191,
      0.4576624887684981,
      0.44546726594368613,
      0.44920392868419484,
      0.4467350860436758,
      0.4304407872259617,
      0.424994774783651,
      0.4262677986174822,
      0.4229666794339816,
      0.41641441422204173,
      0.40687693941096464,
      0.4034004587680101,
      0.39602106908957163,
      0.39441191765169303,
      0.39561797119677067,
      0.3867801460127036,
      0.38383605343600113,
      0.37936043428877986,
      0.3709665663540363,
      0.3681628881643216,
      0.36595008907218773,
      0.3639656461775303,
      0.3630473282188177,
      0.34930528750022255,
      0.35071509542564555,
      0.3475917513171831,
      0.3538519784808159,
      0.3440051171928644,
      0.3406348577390115,
      0.32788506721456845,
      0.3342702200015386,
      0.3308580111712217,
      0.3292386376609405,
      0.3232870187610388,
      0.3168018796791633
    ],
    "comm_bytes_upload_per_round": [
      19628768,
      19628768,
      19628768,
      19628768,
      19628768,
      19628768,
      19628768,
      19628768,
      19628768,
      19628768,
      19628768,
      19628768,
      19628768,
      19628768,
      19628768,
      19628768,
      19628768,
      19628768,
      19628768,
      19628768,
      19628768,
      19628768,
      19628768,
      19628768,
      19628768,
      19628768,
      19628768,
      19628768,
      19628768,
      19628768,
      19628768,
      19628768,
      19628768,
      19628768,
      19628768,
      19628768,
      19628768,
      19628768,
      19628768,
      19628768
    ],
    "total_upload_bytes": 785150720,
    "eval": {
      "threshold": 0.5,
      "micro_f1": 0.5505896958410925,
      "macro_f1_present": 0.16568639675352997,
      "best_threshold": 0.65,
      "best_micro_f1": 0.6095917558462148,
      "best_macro_f1_present": 0.17587916958480881,
      "macro_ap": 0.19758975433541567,
      "macro_auroc": 0.7652117125205328
    }
  }
}
