{
  "name": "robust_fedprox_s0",
  "config": {
    "method": "robust_fedprox",
    "backbone": "retfound_mae_vit_large",
    "seed": 0,
    "epochs": 20,
    "rounds": 40,
    "local_epochs": 1,
    "batch_size": 16,
    "lr": 0.001,
    "fedprox_mu": 0.05,
    "loss": "balanced_bce",
    "positive_dropout": 0.1,
    "train_label_noise": 0.0,
    "image_size": [
      224,
      224
    ],
    "device": "cuda",
    "lora_rank": 8,
    "lora_alpha": 16.0,
    "require_retfound": true
  },
  "result": {
    "config": {
      "method": "robust_fedprox",
      "backbone": "retfound_mae_vit_large",
      "seed": 0,
      "epochs": 20,
      "rounds": 40,
      "local_epochs": 1,
      "batch_size": 16,
      "lr": 0.001,
      "fedprox_mu": 0.05,
      "loss": "balanced_bce",
      "positive_dropout": 0.1,
      "train_label_noise": 0.0,
      "image_size": [
        224,
        224
      ],
      "device": "cuda",
      "lora_rank": 8,
      "lora_alpha": 16.0,
      "require_retfound": true
    },
    "model_info": {
      "requested_backbone": "retfound_mae_vit_large",
      "actual_backbone": "retfound_mae_vit_large",
      "is_retfound": true,
      "checkpoint_path": "/home/tiger/.cache/huggingface/hub/models--YukunZhou--RETFound_mae_natureCFP/snapshots/556830f78214f0e8da35af965292ac5a3180ac47/RETFound_mae_natureCFP.pth",
      "lora_rank": 8,
      "lora_alpha": 16.0,
      "trainable_params": 1226798,
      "total_params": 304528430
    },
    "train_loss": [
      0.5890760570764542,
      0.5044029114147027,
      0.49549192860722546,
      0.4810410745441913,
      0.48086425165335334,
      0.46978550925850865,
      0.4652289311091105,
      0.462013857314984,
      0.4504602866868178,
      0.4399174230794112,
      0.4416006484379371,
      0.4335257096836964,
      0.4271670425931613,
      0.4158783809592327,
      0.4145276537785928,
      0.41376631905635197,
      0.40093652432163557,
      0.4073928244411945,
      0.3970385012527307,
      0.39353823227186996,
      0.3957264199852943,
      0.3937904170403878,
      0.3784444238990545,
      0.37800686769187447,
      0.3758801514903704,
      0.35811396688222885,
      0.3613209309677283,
      0.35858722950021427,
      0.3550642402221759,
      0.3454151228070259,
      0.3506694373985132,
      0.35314616498847806,
      0.3460316066940626,
      0.33897649236023425,
      0.3344938567529122,
      0.3323571273436149,
      0.3317752942442894,
      0.31569436453282834,
      0.3242277150352796,
      0.32153486410776777
    ],
    "comm_bytes_upload_per_round": [
      19628768,
      19628768,
      19628768,
      19628768,
      19628768,
      19628768,
      19628768,
      19628768,
      19628768,
      19628768,
      19628768,
      19628768,
      19628768,
      19628768,
      19628768,
      19628768,
      19628768,
      19628768,
      19628768,
      19628768,
      19628768,
      19628768,
      19628768,
      19628768,
      19628768,
      19628768,
      19628768,
      19628768,
      19628768,
      19628768,
      19628768,
      19628768,
      19628768,
      19628768,
      19628768,
      19628768,
      19628768,
      19628768,
      19628768,
      19628768
    ],
    "total_upload_bytes": 785150720,
    "eval": {
      "threshold": 0.5,
      "micro_f1": 0.5303073829359379,
      "macro_f1_present": 0.15626794160610666,
      "best_threshold": 0.75,
      "best_micro_f1": 0.6290877796901894,
      "best_macro_f1_present": 0.16956546012144955,
      "macro_ap": 0.19315946241548487,
      "macro_auroc": 0.7684685994488747
    }
  }
}
